{"cameraMode":{"drawMode":0,"name":"Shaded","section":"Shading Mode"},"sceneLighting":false,"audioPlay":false,"sceneViewState":{"showFog":false,"showMaterialUpdate":false,"showSkybox":false,"showFlares":false,"showImageEffects":false,"showParticleSystems":false},"in2DMode":false,"pivot":{"x":-0.6388554573059082,"y":1.171588659286499,"z":88.2699966430664},"rotation":{"x":-0.10029268264770508,"y":0.08257979154586792,"z":-0.008353488519787789,"w":-0.9914998412132263},"size":3.9656872749328615,"orthographic":false}