{"cameraMode":{"drawMode":0,"name":"Shaded","section":"Shading Mode"},"sceneLighting":false,"audioPlay":false,"sceneViewState":{"showFog":false,"showMaterialUpdate":false,"showSkybox":false,"showFlares":false,"showImageEffects":false,"showParticleSystems":false},"in2DMode":false,"pivot":{"x":-0.19999998807907105,"y":-3.759999990463257,"z":89.0},"rotation":{"x":-0.08417785167694092,"y":-0.027801569551229478,"z":0.0023491880856454374,"w":-0.9960699081420898},"size":3.70058274269104,"orthographic":false}