{"cameraMode":{"drawMode":0,"name":"Shaded","section":"Shading Mode"},"sceneLighting":false,"audioPlay":false,"sceneViewState":{"showFog":false,"showMaterialUpdate":false,"showSkybox":false,"showFlares":false,"showImageEffects":false,"showParticleSystems":false},"in2DMode":false,"pivot":{"x":-6.1641693115234379,"y":-2.0687096118927,"z":89.13533782958985},"rotation":{"x":-0.1436387598514557,"y":-0.04837687313556671,"z":0.007029628846794367,"w":-0.9884313941001892},"size":1.8149988651275635,"orthographic":false}