{"cameraMode":{"drawMode":0,"name":"Shaded","section":"Shading Mode"},"sceneLighting":false,"audioPlay":false,"sceneViewState":{"showFog":false,"showMaterialUpdate":false,"showSkybox":false,"showFlares":false,"showImageEffects":false,"showParticleSystems":false},"in2DMode":false,"pivot":{"x":-1.7999999523162842,"y":1.8200000524520875,"z":88.76000213623047},"rotation":{"x":-0.1436387598514557,"y":-0.04837687313556671,"z":0.007029628846794367,"w":-0.9884313941001892},"size":3.6460516452789308,"orthographic":false}